lane_id	scope	owns	branch	worktree	dispatched_at	state	contact
wbudget	auto-registered 1 uncommitted at 2026-10-05T09:36:28Z; NOT a dispatch claim	.scratch/	agent/persist-recent-requests	I:/TEMP/wbudget	2026-10-05T09:36:28Z	wip	measured by workspace-status lane
wt-ar	auto-registered unmerged at 2026-10-05T09:36:28Z; NOT a dispatch claim		autoresearch/asr-wer	I:/TEMP/wt-ar	2026-10-05T09:36:28Z	wip	measured by workspace-status lane
wt-archivescratch	auto-registered 3 uncommitted at 2026-10-05T09:36:28Z; NOT a dispatch claim	_commitmsg.txt,_probe_live.py,_probe_nul.py	agent/archive-scratch-tmp	I:/TEMP/wt-archivescratch	2026-10-05T09:36:28Z	wip	measured by workspace-status lane
wt-asrsup	auto-registered 1 uncommitted at 2026-10-05T09:36:28Z; NOT a dispatch claim	backend/worker_server.py	agent/asr-stall-supervisor	I:/TEMP/wt-asrsup	2026-10-05T09:36:28Z	wip	measured by workspace-status lane
wt-clip-editor	auto-registered 4 uncommitted at 2026-10-05T09:36:28Z; NOT a dispatch claim	HANDOFF-mini-editor.md,tmp_tsc.txt,tmp_vt.txt,tmp_vt2.txt	agent/clip-editor	I:/TEMP/wt-clip-editor	2026-10-05T09:36:28Z	wip	measured by workspace-status lane
wt-ejs	auto-registered unmerged at 2026-10-05T09:36:28Z; NOT a dispatch claim		agent/ejs-remote-solver	I:/TEMP/wt-ejs	2026-10-05T09:36:28Z	wip	measured by workspace-status lane
wt-ejscore	auto-registered 3 uncommitted at 2026-10-05T09:36:28Z; NOT a dispatch claim	_msg.txt,_t_ejs.txt,_t_mut.txt	agent/ejs-purge-core	I:/TEMP/wt-ejscore	2026-10-05T09:36:28Z	wip	measured by workspace-status lane
wt-flake-hunt	auto-registered unmerged+10 uncommitted at 2026-10-05T09:36:28Z; NOT a dispatch claim	backend/tmp_v2.exit,backend/tmp_v2.txt,backend/tmp_v3.exit,backend/tmp_v3.txt,backend/tmp_v4.txt,backend/tmp_v5.txt,backend/tmp_v6.txt,backend/tmp_v7.txt,backend/tmp_verify_flake.exit,backend/tmp_verify_flake.txt	agent/flake-hunt	I:/TEMP/wt-flake-hunt	2026-10-05T09:36:28Z	wip	measured by workspace-status lane
wt-obsv	auto-registered unmerged at 2026-10-05T09:36:28Z; NOT a dispatch claim		agent/obsv	I:/TEMP/wt-obsv	2026-10-05T09:36:28Z	wip	measured by workspace-status lane
wt-prod-polish	auto-registered 4 uncommitted at 2026-10-05T09:36:28Z; NOT a dispatch claim	tmp_gpt_review.exit,tmp_gpt_review.txt,tmp_vt_tsc.exit,tmp_vt_tsc.txt	agent/prod-polish	I:/TEMP/wt-prod-polish	2026-10-05T09:36:28Z	wip	measured by workspace-status lane
wt-ratehist	auto-registered 1 uncommitted at 2026-10-05T09:36:28Z; NOT a dispatch claim	tmp_probe/	agent/rate-events-migration	I:/TEMP/wt-ratehist	2026-10-05T09:36:28Z	wip	measured by workspace-status lane
wt-rateui	auto-registered 3 uncommitted at 2026-10-05T09:36:28Z; NOT a dispatch claim	tmp_rateui_msg.txt,tmp_rateui_test.txt,tmp_rateui_verify.txt	agent/rateui	I:/TEMP/wt-rateui	2026-10-05T09:36:28Z	wip	measured by workspace-status lane
wt-sbfix	auto-registered 6 uncommitted at 2026-10-05T09:36:28Z; NOT a dispatch claim	tmp-new-tests.code,tmp-new-tests.txt,tmp-tsc-1.txt,tmp-tsc-base.txt,tmp-vitest-full-base.txt,tmp-vitest-probe.txt	agent/shorts-crashfix	I:/TEMP/wt-sbfix	2026-10-05T09:36:28Z	wip	measured by workspace-status lane
wt-sbfix-review	auto-registered 2 uncommitted at 2026-10-05T09:36:28Z; NOT a dispatch claim	tsc-1.txt,vitest-new.txt	agent/shorts-crashfix-review	I:/TEMP/wt-sbfix-review	2026-10-05T09:36:28Z	wip	measured by workspace-status lane
wt-scratch-class	auto-registered unmerged+1 uncommitted at 2026-10-05T09:36:28Z; NOT a dispatch claim	out/	agent/scratch-classify-vocab	I:/TEMP/wt-scratch-class	2026-10-05T09:36:28Z	wip	measured by workspace-status lane
wt-shorts-boundary	auto-registered 1 uncommitted at 2026-10-05T09:36:28Z; NOT a dispatch claim	tmp-vitest-probe.txt	agent/shorts-boundary	I:/TEMP/wt-shorts-boundary	2026-10-05T09:36:28Z	wip	measured by workspace-status lane
wt-ytdlpout	auto-registered 13 uncommitted at 2026-10-05T09:36:28Z; NOT a dispatch claim	_commitmsg.txt,_green1.out,_probe.py,_red1.out,_red2.out,_red3.out,_red4.out,_related.out,_related2.out,_rocheck2.py,_smoke.db,backend/_smoke.out,backend/_smoke.py	agent/ytdlp-outcome-classifier	I:/TEMP/wt-ytdlpout	2026-10-05T09:36:28Z	wip	measured by workspace-status lane
wt-topology	auto-registered 8 uncommitted at 2026-10-05T09:36:28Z; NOT a dispatch claim	docs/wt-migration-ledger.tsv,scripts/lib/,scripts/worktree-roots.tsv,scripts/wt-migrate.sh,scripts/wt-new.sh,scripts/wt-restore.sh,tmp-classify2.ps1,tmp-migrate-all.ps1	agent/wt-topology	I:/vod-rip-wt/wip/wt-topology	2026-10-05T09:36:28Z	wip	measured by workspace-status lane
